tweetDate,twitterId,handle,text,profileUrl,name,tweetLink,timestamp,query
Sat Jan 07 20:33:16 +0000 2023,91341099,talgilboa,"××¦×˜×¢×¨×ª, ×œ× ××¦×œ×™×—×” ×œ×”×ª×¨×’×© ××”×”×¤×’× ×” ×”×¢×¨×‘.
× ×™×¦×—× ×• (××¤×¨×•×¤×• ×“××•×§×¨×˜×™×”) 
× ×¦×™×’×™× ×• ×”×™×§×¨×™×,  ×™×© ×œ×›× 64 ×× ×“×˜×™× ×œ×¢×©×•×ª ×›×œ ×©×ª×—×¤×¦×•, ×¨×¤×•×¨××•×ª, ×©×™× ×•×™×™×, ×”×œ×’×™×˜×™××¦×™×” × ×™×ª× ×” ×œ×›× ×¢""×™ ××¨×‘×™×ª ×”×¢×â¤ï¸",https://twitter.com/talgilboa,Tal GilboağŸ‡®ğŸ‡±,https://twitter.com/talgilboa/status/1611823305639579655,2023-04-20T13:27:22.170Z,https://twitter.com/search?q=%20%3A%20min_faves%3A100%20%D7%93%D7%9E%D7%95%D7%A7%D7%A8%D7%98%D7%99%D7%94%20until%3A2023-01-10%20since%3A2023-01-01&src=typeahead_click&f=live
Sun Jan 08 07:34:18 +0000 2023,3735469043,noa_landau,"×œ× ×ª×”×™×” ×“××•×§×¨×˜×™×” ×‘×œ×™ ×©×•×•×™×•×Ÿ ×œ×›×œ, ×œ× ×ª×”×™×” ××•×¤×•×–×™×¦×™×” ××¤×§×˜×™×‘×™×ª ×‘×œ×™ ×¢×¨×‘×™× ×•×œ× ×™×”×™×” ××—× ×” ×´×××œ×›×ª×™×´ ×‘×œ×™ ×”×©×××œ. ×›×œ ××œ×” ×¢×•×‘×“×•×ª ××”×•×ª×™×•×ª ×•××¡×¤×¨×™×•×ª. ×‘×œ×™ ×œ×”×‘×™×Ÿ ××ª ×–×”, ×—×‘×œ ××¨××© ×¢×œ ×”×× ×¨×’×™×•×ª. ×ª××©×™×›×• ×œ×”×ª×§×•×˜×˜ ×¢×œ ×“×’×œ×™× ×‘×˜×™×˜× ×™×§ ğŸ‡µğŸ‡¸ğŸ‡®ğŸ‡±",https://twitter.com/noa_landau,Noa Landau × ×¢×” ×œ× ×“××•,https://twitter.com/noa_landau/status/1611989657973133312,2023-04-20T13:27:22.170Z,https://twitter.com/search?q=%20%3A%20min_faves%3A100%20%D7%93%D7%9E%D7%95%D7%A7%D7%A8%D7%98%D7%99%D7%94%20until%3A2023-01-10%20since%3A2023-01-01&src=typeahead_click&f=live
Sun Jan 08 06:49:59 +0000 2023,998197361380937728,OmerArvili,××– ×ª×’×™×“×• ×©×–×• ×”×¤×’× ×” ×¢×œ ××™ ×¦×¨×™×š ×œ× ×”×œ ××ª ×”××¤×¨×˜×”×™×™×“ ××” ×‘×œ×‘×œ×ª× ×¢× ×”××™×œ×” ×“××•×§×¨×˜×™×”,https://twitter.com/OmerArvili,Omer Arvili,https://twitter.com/OmerArvili/status/1611978505436409858,2023-04-20T13:27:22.170Z,https://twitter.com/search?q=%20%3A%20min_faves%3A100%20%D7%93%D7%9E%D7%95%D7%A7%D7%A8%D7%98%D7%99%D7%94%20until%3A2023-01-10%20since%3A2023-01-01&src=typeahead_click&f=live
Sun Jan 08 11:30:56 +0000 2023,2175496457,MeirLayosh,"××™ ××ª× ×¦×™×‘×•×¨ × ×‘×¢×¨ ×©×ª×’×™×“×• ××” ×–×” ×“××•×§×¨×˜×™×”? ×¢×“×¨ ×‘×”××•×ª ×œ×•×—×›×•×ª ×§×© ×•×’×‘×‘. ×¨×§ ×× ×—× ×•(!) ××™×œ×™×™×” × ×¢×œ×”, ×¤×™×œ×•×¡×•×¤×™, ×—×›×, ×’××•× ×™ - × ×§×‘×¢ ××” × ×›×•×Ÿ ×•××” ×œ×. ××– ××” ×× ×”×™×• ×‘×—×™×¨×•×ª. 

×‘×—×™×™, ×•×–×” ×¢×•×“ ×”××™×© ×©×›×ª×‘ ××ª ×¨×•×— ×¦×”""×œ. ×”×–×™×” https://t.co/Vktvp46vsI",https://twitter.com/MeirLayosh,×××™×¨ ×œ×™×•×© Meir Layosh,https://twitter.com/MeirLayosh/status/1612049208990728193,2023-04-20T13:27:22.170Z,https://twitter.com/search?q=%20%3A%20min_faves%3A100%20%D7%93%D7%9E%D7%95%D7%A7%D7%A8%D7%98%D7%99%D7%94%20until%3A2023-01-10%20since%3A2023-01-01&src=typeahead_click&f=live
Mon Jan 09 14:04:58 +0000 2023,35749640,mk1956,"××” ×™×© ×œ×›× ×××œ×—××ª ××—×™×? × ×¤×œ×ª× ×¢×œ ×”×¨××©?
×ª×™×¨×’×¢×•. ×–×• ×‘×¡×š ×”×›×œ ×“××•×§×¨×˜×™×” ×‘×¤×¢×•×œ×”. ×“×‘×¨ ×©××ª× ×œ× ×××© ××›×™×¨×™×.",https://twitter.com/mk1956,Moshik Kovarsky - ××•×©×™×§,https://twitter.com/mk1956/status/1612450359552741379,2023-04-20T13:27:22.170Z,https://twitter.com/search?q=%20%3A%20min_faves%3A100%20%D7%93%D7%9E%D7%95%D7%A7%D7%A8%D7%98%D7%99%D7%94%20until%3A2023-01-10%20since%3A2023-01-01&src=typeahead_click&f=live
Mon Jan 09 12:36:04 +0000 2023,33473850,ynetalerts,"×’× ×¥ ×œ× ×ª× ×™×”×•: ""×× ×ª××©×™×š ×‘×“×¨×š ×©×‘×” ××ª×” ×”×•×œ×š, ×”××—×¨×™×•×ª ×œ××œ×—××ª ×”××—×™× ×ª×”×™×” ×¢×œ×™×š"" 
https://t.co/7M0BrFk5vP https://t.co/ds3j4hZWMN",https://twitter.com/ynetalerts,ynet ×¢×“×›×•× ×™,https://twitter.com/ynetalerts/status/1612427989286899715,2023-04-20T13:27:22.170Z,https://twitter.com/search?q=%20%3A%20min_faves%3A100%20%D7%93%D7%9E%D7%95%D7%A7%D7%A8%D7%98%D7%99%D7%94%20until%3A2023-01-10%20since%3A2023-01-01&src=typeahead_click&f=live
Sun Jan 08 10:33:27 +0000 2023,3013098913,RinoZror,"×”×”×ª× ×’×“×•×ª ×”×—×œ×”. ×•×™×© ×“××™×•×Ÿ ××¡×•×™× ×‘×™×Ÿ ×–×• ×œ×‘×™×Ÿ ×”××—××” ×”×—×‘×¨×ª×™×ª ×‘-2011. ××– ×¦×¢×§ ×”×¦×™×‘×•×¨ '×”×¢× ×“×•×¨×© ×¦×“×§ ×—×‘×¨×ª×™'. ×¢×›×©×™×• ×”×•× ×¦×•×¢×§ '×“××•×§×¨×˜×™×” ××• ××¨×“'. ×œ×œ××“×š ×™×© ×”×ª×¤×ª×—×•×ª ×’× ×¢×œ ×”××“×¨×•×Ÿ. 
×•×‘×©× ×™ ×”××§×¨×™×, ××– ×•×¢×›×©×™×•, ×”×”× ×”×’×” ×‘××” ××Ÿ ×”××—××”, ×©×•× ×§×©×¨ ×œ×¤×•×œ×™×˜×™×§××™×",https://twitter.com/RinoZror,×¨×™× ×• ×¦×¨×•×¨,https://twitter.com/RinoZror/status/1612034742530240512,2023-04-20T13:27:22.170Z,https://twitter.com/search?q=%20%3A%20min_faves%3A100%20%D7%93%D7%9E%D7%95%D7%A7%D7%A8%D7%98%D7%99%D7%94%20until%3A2023-01-10%20since%3A2023-01-01&src=typeahead_click&f=live
Mon Jan 09 07:50:55 +0000 2023,3071312046,MichalShir,"×”×‘×™×‘×™×¡×˜×™× ×œ× ××ª×××™× ×›×©×”× ××•××¨×™× ""×”×™×• ×‘×—×™×¨×•×ª"".
×”× ×™×•×“×¢×™× ××” ×”× ××•××¨×™× ×›×™ ×¢×‘×•×¨× ×“××•×§×¨×˜×™×” ×–×” ×œ× ×©×œ×˜×•×Ÿ ×”×¢× ××œ× ×©×œ×˜×•×Ÿ ×”×¨×•×‘. ×”× ××•×‘×™×œ×™× ×”×¤×™×›×” ××©×˜×¨×™×ª ×©×ª××¤×©×¨ ×œ×”× ×œ×›×¤×•×ª ××ª ×”×¨×•×‘ ×‘×›××™×œ×• ×“××•×§×¨×˜×™×” ×©×ª×“×¨×•×¡ ××ª ×›×œ ××™ ×©×”×•× ×œ× ×‘×™×‘×™×¡×˜.
×œ×–×” ×œ× ×§×™×‘×œ×ª× ×× ×“×˜ × ×œ×—× ×‘×›×œ ×”×›×— ×‘×›×“×™ ×œ×”×©××¨ ×¢× ×—×•×¤×©×™ ×‘××¨×¦× ×•.",https://twitter.com/MichalShir,ğŸŸ Michal Shir - ××™×›×œ ×©×™×¨,https://twitter.com/MichalShir/status/1612356228348264448,2023-04-20T13:27:22.170Z,https://twitter.com/search?q=%20%3A%20min_faves%3A100%20%D7%93%D7%9E%D7%95%D7%A7%D7%A8%D7%98%D7%99%D7%94%20until%3A2023-01-10%20since%3A2023-01-01&src=typeahead_click&f=live
Sun Jan 08 12:25:36 +0000 2023,3237359447,Dmonsel,"×¤×¨×•×¤' ××¡× ×›×©×¨ ×‘×¨×©×ª ×‘: ×× ×™ ××•××¨ ×œ×¦×™×‘×•×¨ - ×¡×œ×™×—×”, ××ª× ×§×•×‘×¢×™× ××™ ×™×”×™×• ×”× ×¦×™×’×™× ×©×œ×›× ×‘×¤×¨×œ×× ×˜, ××ª× ×œ× ×§×•×‘×¢×™× ××” ×–×” ×“××•×§×¨×˜×™×”. ××ª× ×œ× ×§×•×‘×¢×™× ××” ×–×” ×¨×¤×•××” × ×›×•× ×”, ××ª× ×œ× ×§×•×‘×¢×™× ××” ×–×” ××“×¢ ××•×¦×œ×—, ×•××ª× ×œ× ×§×•×‘×¢×™× ××” ×–×” ×“××•×§×¨×˜×™×”. ×™×© ×œ×›× ×ª×¤×§×™×“ ×‘×“××•×§×¨×˜×™×”",https://twitter.com/Dmonsel,Dan m ğŸ”¥ ğŸŠğŸ‡®ğŸ‡±,https://twitter.com/Dmonsel/status/1612062964399448065,2023-04-20T13:27:22.170Z,https://twitter.com/search?q=%20%3A%20min_faves%3A100%20%D7%93%D7%9E%D7%95%D7%A7%D7%A8%D7%98%D7%99%D7%94%20until%3A2023-01-10%20since%3A2023-01-01&src=typeahead_click&f=live
Mon Jan 09 12:39:39 +0000 2023,2946300174,yairlapid,"×–×• ×œ× ×¨×¤×•×¨××” ××©×¤×˜×™×ª. ×–×” ×©×™× ×•×™ ××©×˜×¨ ×§×™×¦×•× ×™, ×–×” ×‘×™×˜×•×œ ×©×œ ××’×™×œ×ª ×”×¢×¦×××•×ª, ×–×” ×™× ×ª×§ ××ª ×™×©×¨××œ ×××©×¤×—×ª ×”××“×™× ×•×ª ×”×œ×™×‘×¨×œ×™×•×ª. ×–×” ×œ× ×ª×™×§×•×Ÿ ×”×“××•×§×¨×˜×™×”, ×–×” ×—×™×¡×•×œ ×”×“××•×§×¨×˜×™×”. ××“×™× ×” ×©×‘×” ×œ×××©×œ×” ××•×ª×¨ ×”×›×œ, ×”×™× ×œ× ×“××•×§×¨×˜×™×”. ××“×™× ×” ×©××‘×˜×œ×ª ×‘×•×§×¨ ××—×“ ××ª ×›×œ ×”××™×–×•× ×™× ×•×”×‘×œ××™× ×©×™×© ×¢×œ ×”×©×œ×˜×•×Ÿ, ×”×™× ×œ× ×“××•×§×¨×˜×™×”.",https://twitter.com/yairlapid,×™××™×¨ ×œ×¤×™×“ - Yair Lapid,https://twitter.com/yairlapid/status/1612428889023811584,2023-04-20T13:27:22.170Z,https://twitter.com/search?q=%20%3A%20min_faves%3A100%20%D7%93%D7%9E%D7%95%D7%A7%D7%A8%D7%98%D7%99%D7%94%20until%3A2023-01-10%20since%3A2023-01-01&src=typeahead_click&f=live
Sun Jan 08 22:20:41 +0000 2023,1289714785047785479,ori_riddleman,"×œ× ×™××•××Ÿ ×©70 ×©× ×” ×©×œ ×× ×©×™× ×™×¤×™× ×•×—×ª×™×›×™× ×‘××“×™ ×—××§×™ ××™×™×‘×©×™× ×‘×™×¦×•×ª, ×—×•×¨×©×™× ××ª ×”×©×“×•×ª ×•××’×™× ×™× ×¢×œ ×”×’×‘×•×œ×•×ª ×›×“×™ ×œ×‘× ×•×ª ×¤×” ×“××•×§×¨×˜×™×” -

× ×’××¨×™× ×‘×—× × ×” ×‘×—×œ×™×¤×” ×©××¤×¨×§ ×”×›×œ ×‘×©×‘×•×¢ ××—×“ https://t.co/ICtBP9Fyy8",https://twitter.com/ori_riddleman,ori ğŸ‡®ğŸ‡±ğŸ‡ºğŸ‡¦,https://twitter.com/ori_riddleman/status/1612212724364181505,2023-04-20T13:27:22.170Z,https://twitter.com/search?q=%20%3A%20min_faves%3A100%20%D7%93%D7%9E%D7%95%D7%A7%D7%A8%D7%98%D7%99%D7%94%20until%3A2023-01-10%20since%3A2023-01-01&src=typeahead_click&f=live
Sun Jan 08 00:15:56 +0000 2023,1084663466403737600,TamerAm48431889,"×¤×©×•×˜ ×‘×œ×ª×™ × ×ª×¤×¡ ×©×× ×”×™×’×™ ×”××—××” ×¢×¡×•×§×™× ×›×œ ×”×¢×¨×‘ ×‘×œ×”×•×¦×™× ××ª ×”×¢×¨×‘×™× ××—×•×¥ ×œ××—××” ×‘××§×•× ×œ×©×ª×£ ×¤×¢×•×œ×” ××™×ª×.
×–×” ×¤×©×•×˜ ×‘×œ×ª×™ × ×ª×¤×¡ ××™×š ×”×× ×©×™× ×©××˜×™×¤×™× ×œ×“××•×§×¨×˜×™×”, ×¨×•×¦×™× ×“××•×§×¨×˜×™×” ××•×ª× ×™×ª ×©×‘×” ""×©×××œ ×§×™×¦×•× ×™"" ×”×•× ××•×§×¦×”. ×¢×¨×‘×™× ××ª×™×™×©×¨×™× ×•×›× ×•×¢×™×.
××ª× ×œ× ×©×•× ×™× ××‘×Ÿ ×’×‘×™×¨. ××ª× ××¤×™×œ×• ×‘×¢×™×” ×™×•×ª×¨ ×’×“×•×œ×” ××× ×•.",https://twitter.com/TamerAm48431889,Tamer Amer,https://twitter.com/TamerAm48431889/status/1611879339091546113,2023-04-20T13:27:22.170Z,https://twitter.com/search?q=%20%3A%20min_faves%3A100%20%D7%93%D7%9E%D7%95%D7%A7%D7%A8%D7%98%D7%99%D7%94%20until%3A2023-01-10%20since%3A2023-01-01&src=typeahead_click&f=live
Mon Jan 09 21:37:09 +0000 2023,2495947476,talibo8,×”×¡×™×¤×•×¨ ×©×œ @DaphnaLiel ×¢×œ ×”× ×—×™×•×ª ×‘×Ÿ ×’×‘×™×¨ ×œ××©×˜×¨×” ×¢×¨×‘ ×”×”×¤×’× ×” ×”×•× ×œ× ×¤×—×•×ª ×××–×¢×–×¢. ×× ××™×©×”×• ×¨×•×¦×” ×œ×”×‘×™×Ÿ ××™×š × ×’××¨×ª ×“××•×§×¨×˜×™×” ×›×›×” ×‘×“×™×•×§ ×–×” × ×¨××”,https://twitter.com/talibo8,×˜×œ×™ ×‘×Ÿ ×¢×•×‘×“×™×”,https://twitter.com/talibo8/status/1612564154354749442,2023-04-20T13:27:22.170Z,https://twitter.com/search?q=%20%3A%20min_faves%3A100%20%D7%93%D7%9E%D7%95%D7%A7%D7%A8%D7%98%D7%99%D7%94%20until%3A2023-01-10%20since%3A2023-01-01&src=typeahead_click&f=live
Mon Jan 09 18:13:17 +0000 2023,4229480969,Eliyahu_a,"×× ×™ ×§×•×¨× ×œ×—""×› ×‘× ×™ ×’× ×¥ ×œ×—×–×•×¨ ×‘×• ××“×‘×¨×™ ×”××™×•× ×©×œ×•. ××™×Ÿ ×××œ×›×ª×™×•×ª ×œ×œ× ×“××•×§×¨×˜×™×” ×•××¨ ×’× ×¥ ×××™×™× ×¢×œ×™×” ×›×¢×ª. ×œ× ×›×š ×‘×•× ×™× ×× ×”×™×’×•×ª.",https://twitter.com/Eliyahu_a,×¢××™×—×™ ××œ×™×”×•,https://twitter.com/Eliyahu_a/status/1612512853344280587,2023-04-20T13:27:22.170Z,https://twitter.com/search?q=%20%3A%20min_faves%3A100%20%D7%93%D7%9E%D7%95%D7%A7%D7%A8%D7%98%D7%99%D7%94%20until%3A2023-01-10%20since%3A2023-01-01&src=typeahead_click&f=live
Sun Jan 08 08:51:56 +0000 2023,951025784709439488,freyisrael1,"×‘×•××• × ×¢×©×” ××ª ×–×” ×¤×©×•×˜:
â€¢ ××ª× ×¨×•×¦×™× ×œ×”×—×–×™×¨ ×“××•×§×¨×˜×™×” ×©××‘×“×”.
â€¢ ×× ×—× ×• ×œ× ××•×›× ×™× ×œ×”×¡×ª×¤×§ ×‘×”, ×”×™× ×œ× ×‘×××ª ×”×™×™×ª×”.
×œ××” × ×“×¤×§×ª×?
1. ××¡×›×•×œ×ª ×”×¢×œ×™×•× ×•×ª ×”×™×”×•×“×™×ª ×•×”×›×™×‘×•×© ×”×™× ×©×”×¦××™×—×” ××ª × ×™×¦×—×•×Ÿ ×‘×Ÿ ×’×‘×™×¨.
2. ××ª××˜×™×ª, ×‘×œ×™ ×”×¢×¨×‘×™× ××™×Ÿ ×¡×™×›×•×™ ×•×”× ×œ× ×‘×§×˜×¢ ×©×œ ×“××•×§×¨×˜×™×” ×œ×™×”×•×“×™× ×‘×œ×‘×“.
×”×¤×¢× ×ª×¢×©×• ××ª ×–×” ×‘×“×¨×š ×©×œ× ×•",https://twitter.com/freyisrael1,×™×©×¨××œ ×¤×¨×™×™,https://twitter.com/freyisrael1/status/1612009193346633728,2023-04-20T13:27:22.170Z,https://twitter.com/search?q=%20%3A%20min_faves%3A100%20%D7%93%D7%9E%D7%95%D7%A7%D7%A8%D7%98%D7%99%D7%94%20until%3A2023-01-10%20since%3A2023-01-01&src=typeahead_click&f=live
Sat Jan 07 18:39:20 +0000 2023,2922009763,TomerAvital1,"××¢×•×¨×¨ ×”×©×¨××”. ×—×¨×£ ××–×’ ×”××•×•×™×¨ ×”×¡×•×¢×¨, ×¨×—×•×‘×•×ª ×ª×œ ××‘×™×‘ ×’×“×•×©×™× ×‘×× ×©×™× ×©×¨×•×¦×™× ×“××•×§×¨×˜×™×” ×¢× ××™×–×•× ×™× ×•×‘×œ××™×. https://t.co/DvlZgPmW5w",https://twitter.com/TomerAvital1,ğŸ” ×ª×•××¨ ××‘×™×˜×œ,https://twitter.com/TomerAvital1/status/1611794633117552640,2023-04-20T13:27:22.170Z,https://twitter.com/search?q=%20%3A%20min_faves%3A100%20%D7%93%D7%9E%D7%95%D7%A7%D7%A8%D7%98%D7%99%D7%94%20until%3A2023-01-10%20since%3A2023-01-01&src=typeahead_click&f=live
Sat Jan 07 18:46:53 +0000 2023,977910250132135938,avi07325462,"×©×¨ ×”××©×¤×˜×™× ×™×¨×™×‘ ×œ×•×™×Ÿ:×”×©×•×¤×˜ ×‘×“×™××•×¡ ××”×¨×Ÿ ×‘×¨×§ ×œ× ××‘×™×Ÿ ××” ×–××ª ×“××•×§×¨×˜×™×”.

×¢×œ ×–×” ××¤×©×¨ ×œ×”×’×™×“  ""×•×™×§×•× ×”××œ×¤×¤×•×Ÿ ×•×™×›×” ××ª ×”×’× ×Ÿ"".",https://twitter.com/avi07325462,ğŸ‡®ğŸ‡±××‘×™ğŸ‡®ğŸ‡±,https://twitter.com/avi07325462/status/1611796530796584961,2023-04-20T13:27:22.170Z,https://twitter.com/search?q=%20%3A%20min_faves%3A100%20%D7%93%D7%9E%D7%95%D7%A7%D7%A8%D7%98%D7%99%D7%94%20until%3A2023-01-10%20since%3A2023-01-01&src=typeahead_click&f=live
Sat Jan 07 19:40:26 +0000 2023,314838597,ori_goldberg,"×–×” ×‘×¡×•×£ ×××“ ×¤×©×•×˜. ××™ ×©×§×•×¨× ×´×œ×©××•×¨ ×¢×œ ×”×“××•×§×¨×˜×™×”×´ ××‘×œ ×œ× ××•×›×Ÿ ×œ×”×¤×’×™×Ÿ ×¢× ××™ ×©××•×—×” × ×’×“ ×”×›×™×‘×•×©, ×œ× ××•×›×Ÿ ×œ×©××•×¢ ××ª × ××•××• ×©×œ ××™×™××Ÿ ×¢×•×“×” ×•×œ× ××•×›×Ÿ ×œ×¨××•×ª ×“×’×œ×™ ×¤×œ×¡×˜×™×Ÿ ×œ× ××¢×•× ×™×Ÿ ×‘×©××™×¨×” ×¢×œ ×”×“××•×§×¨×˜×™×”. ×”×•× ××¢×•× ×™×Ÿ ×‘×©××™×¨×” ×¢×œ ×–×›×•×ª×• ×œ×”×—×œ×™×˜ ×œ×‘×“×• ××” × ×—×©×‘ ×“××•×§×¨×˜×™×”. ×”××™×©×”×• ×”×–×” ×’×–×¢×Ÿ ×•×¤×—×“×Ÿ.",https://twitter.com/ori_goldberg,Ori Goldberg,https://twitter.com/ori_goldberg/status/1611810006373998597,2023-04-20T13:27:22.170Z,https://twitter.com/search?q=%20%3A%20min_faves%3A100%20%D7%93%D7%9E%D7%95%D7%A7%D7%A8%D7%98%D7%99%D7%94%20until%3A2023-01-10%20since%3A2023-01-01&src=typeahead_click&f=live
Mon Jan 09 15:02:03 +0000 2023,1042040671421558789,adin_dan,"×× ×• ×—×•×•×™× ×‘×™××™× ××œ×” ×××© ×”×¤×™×›×” ××©×˜×¨×™×ª. ×× ×œ× × ×ª× ×’×“ â€” ×‘×¢×•×“ ×©×‘×•×¢×•×ª ××• ×—×•×“×©×™× ××•×¢×˜×™× ×™×©×¨××œ ×œ× ×ª×”×™×” ×¢×•×“ ×“××•×§×¨×˜×™×”. ×›×œ ××—×“ ×©×™×©××œ ×¢×¦××• ××” ×”×•× ×¢×•×©×” ×‘×©×‘×™×œ ×œ×× ×•×¢ ×–××ª. ×“×‘×¨×• ×¢× ×—×‘×¨×™×, ×‘× ×™ ××©×¤×—×”, ×¢××™×ª×™× ×œ××§×¦×•×¢, ×‘×§×‘×•×¦×•×ª ×”×”×•×¨×™× ×•×‘×›×œ ×¤×œ×˜×¤×•×¨××” ××¤×©×¨×™×ª â€” ×•×”×ª××¨×’× ×• ×œ×©×‘×™×ª×•×ª, ××—××•×ª ×•××¨×™ ××–×¨×—×™. ××œ ×ª×›× ×¢×•",https://twitter.com/adin_dan,Dan Adin ×“×Ÿ ×¢×“×™×Ÿ,https://twitter.com/adin_dan/status/1612464725694074885,2023-04-20T13:27:22.170Z,https://twitter.com/search?q=%20%3A%20min_faves%3A100%20%D7%93%D7%9E%D7%95%D7%A7%D7%A8%D7%98%D7%99%D7%94%20until%3A2023-01-10%20since%3A2023-01-01&src=typeahead_click&f=live
Sun Jan 08 13:05:38 +0000 2023,933990392,YinonMagal,"××¡× ×›×©×¨: ""××™×Ÿ ×œ×›× ×× ×“×˜ ×œ×”×’×™×“ ×œ× ×• ××” ×–×” ×“××•×§×¨×˜×™×”.. ×× ×”×™×™× ×• ×‘×××ª ×©×•××œ×™× ××ª ×”×¢×.. ×”×™×™× ×• ××§×‘×œ×™× ×ª××•× ×” ××™×•××” ×•× ×•×¨××”""
""×œ× ××©× ×” ××” × ×©×™× ×—×¨×“×™×•×ª ×¨×•×¦×•×ª""
×•×”×¤×¨×•×¤ ×”××˜×•×¨×œ×œ ×”×–×” ×›×ª×‘ ××ª ×”×§×•×“ ×”××ª×™ ×©×œ ×¦×”""×œ!
×××™×ª×™!ğŸ”Š https://t.co/NsDHzwJJiJ",https://twitter.com/YinonMagal,×™× ×•×Ÿ ××’×œ,https://twitter.com/YinonMagal/status/1612073039189139459,2023-04-20T13:27:22.170Z,https://twitter.com/search?q=%20%3A%20min_faves%3A100%20%D7%93%D7%9E%D7%95%D7%A7%D7%A8%D7%98%D7%99%D7%94%20until%3A2023-01-10%20since%3A2023-01-01&src=typeahead_click&f=live
Sat Jan 07 20:43:58 +0000 2023,951025784709439488,freyisrael1,"×—""×› ××™×™××Ÿ ×¢×•×“×” ×‘×™×§×© ×‘× ××•××• ×”×¢×¨×‘ ×œ×”×•×©×™×˜ ×™×“ ×œ×××‘×§ ×”×“××•×§×¨×˜×™ ×‘×™×©×¨××œ ×•×‘×œ×‘×“ ×©×”×•× ×™×¦×™×¢ ×“××•×§×¨×˜×™×” ×××™×ª×™×ª ×œ×™×”×•×“×™× ×•×œ×¤×œ×¡×˜×™× ×™×.

×”× ××•× ×”×•×¤×¨×¢ ×¢×œ ×™×“×™ ×§×•××¥ ××¤×’×™× ×™× ×•×‘×¡×™×•××• ××—×“ ×”× ×•×›×—×™× ×ª×§×£ ××ª ×¢×•×“×” ×‘××’×¨×•×£. ×›×š ×–×” × ×¨××” ×¨×’×¢ ×œ×¤× ×™ ×”×ª×§×™×¤×”: https://t.co/4wgkE80mHs",https://twitter.com/freyisrael1,×™×©×¨××œ ×¤×¨×™×™,https://twitter.com/freyisrael1/status/1611825995123662862,2023-04-20T13:27:22.170Z,https://twitter.com/search?q=%20%3A%20min_faves%3A100%20%D7%93%D7%9E%D7%95%D7%A7%D7%A8%D7%98%D7%99%D7%94%20until%3A2023-01-10%20since%3A2023-01-01&src=typeahead_click&f=live
Sat Jan 07 18:07:59 +0000 2023,951025784709439488,freyisrael1,"××—××ª ×”×©×•×•×™×•×Ÿ: ×œ××—×¨ ×”×”×ª×›× ×¡×•×ª ×”××¨×›×–×™×ª ×‘×›×™×›×¨ ×”×‘×™××” × ×’×“ ×”×”×¤×™×›×” ×”××©×¤×˜×™×ª, ××œ×¤×™× × ×•×”×¨×™× ×œ×›×™×•×•×Ÿ ×¨×—×‘×ª ××•×–×™××•×Ÿ ×ª×œ ××‘×™×‘, ×©× ×™×ª××§×“×• ×”×“×•×‘×¨×™× ×‘×©×•×ª×¤×•×ª ×™×”×•×“×™×ª ×¢×¨×‘×™×ª ×œ××¢×Ÿ ×“××•×§×¨×˜×™×” ×œ×›×•×œ×. https://t.co/vQJmShPKRH",https://twitter.com/freyisrael1,×™×©×¨××œ ×¤×¨×™×™,https://twitter.com/freyisrael1/status/1611786743975395328,2023-04-20T13:27:22.170Z,https://twitter.com/search?q=%20%3A%20min_faves%3A100%20%D7%93%D7%9E%D7%95%D7%A7%D7%A8%D7%98%D7%99%D7%94%20until%3A2023-01-10%20since%3A2023-01-01&src=typeahead_click&f=live
Fri Jan 06 04:41:48 +0000 2023,252658155,IlanShiloah,"×—×‘×¨×•×ª ×”×™×™×˜×§,×§×¨× ×•×ª ×”×•×Ÿ ×¡×™×›×•×Ÿ,×‘×¢×œ×™ ×”×•×Ÿ ×”×—×œ×• ×œ×”×•×¦×™× ××ª ×›×¡×¤×™× ××™×©×¨××œ.
×× ×—× ×• ×‘×¡×›× ×ª ×”×™×“×¨×“×¨×•×ª ××”×™×¨×” ×œ××©×‘×¨ ×›×œ×›×œ×™ ×›××• ×‘×˜×•×¨×§×™×”.
××“×™× ×” ×©××™× ×” ×“××•×§×¨×˜×™×ª ×”×›×¡×£ ×¢×•×–×‘ ×œ××§×•××•×ª ×‘×˜×•×—×™× ×™×•×ª×¨ ×•×–×” ×§×•×¨×” ××”×¨.
×–×•×”×™ ×¡×›× ×” ×‘×¨×•×¨×” ×•××™×™×“×™×ª.
××™ ××¤×©×¨ ×œ×©×§×¨ ××©×§×™×¢×™× ×›××• ×©××©×§×¨×™× ××ª ×”×”××•×Ÿ ×©×”×¤×™×›×” ××©×˜×¨×™×ª ×–×• ×“××•×§×¨×˜×™×”.",https://twitter.com/IlanShiloah,××™×œ×Ÿ ×©×™×œ×•×—,https://twitter.com/IlanShiloah/status/1611221471116001280,2023-04-20T13:27:22.170Z,https://twitter.com/search?q=%20%3A%20min_faves%3A100%20%D7%93%D7%9E%D7%95%D7%A7%D7%A8%D7%98%D7%99%D7%94%20until%3A2023-01-10%20since%3A2023-01-01&src=typeahead_click&f=live
Sat Jan 07 05:56:45 +0000 2023,963666527210934274,grapesofwhat,"×œ×¤×™ ×”×§×¨×™×˜×¨×™×•× ×™× ×©×œ ×”×™××™×Ÿ ×’× ×’×¨×× ×™×” ×”× ××¦×™×ª ×”×™×™×ª×” ×“××•×§×¨×˜×™×”: ×”×™×˜×œ×¨ ×¢×œ×” ×œ×©×œ×˜×•×Ÿ ×‘×‘×—×™×¨×•×ª, × ×™×¦×œ ××ª ×›×•×—×• ×›×“×™ ×œ×—×–×§ ××ª ×©×œ×˜×•× ×• ×©×”×•× ×‘×™×˜×•×™ ×©×œ ×¨×¦×•×Ÿ ×”×¢×, ×¨×•×‘ ×”×¢× ×¨×•×‘ ×”×–××Ÿ ×©×™×ª×£ ×¤×¢×•×œ×” ×•×ª××š ×‘×•. ××” ×œ× ×“××•×§×¨×˜×™×” ×‘××©×˜×¨ ×”×–×”? ×›×™ ×¨×¦×—×• ×›××” ××™×¢×•×˜×™×? ×¤×—×—×—×— ×‘×—×™×™×›×â€¦",https://twitter.com/grapesofwhat,Yaniv Junam ØºØ³ÙŠÙ„ Ù‚Ø°Ø±ğŸ‡®ğŸ‡±ğŸ—‘ï¸,https://twitter.com/grapesofwhat/status/1611602721705967617,2023-04-20T13:27:22.170Z,https://twitter.com/search?q=%20%3A%20min_faves%3A100%20%D7%93%D7%9E%D7%95%D7%A7%D7%A8%D7%98%D7%99%D7%94%20until%3A2023-01-10%20since%3A2023-01-01&src=typeahead_click&f=live
Fri Jan 06 11:17:00 +0000 2023,106530410,StavShaffir,"×‘×”×¤×’× ×” ×‘×©×‘×ª ×›×•×œ× ×• ×¦×¨×™×›×™× ×œ×”×™×•×ª. ×–×” ×œ× ×”××§×•× ×œ×•×™×›×•×—×™× ×˜×”×¨× ×™×™× ×¢×œ ××™ ××’×™×¢ ×•×”×§×•×´×— ×©×œ ×›×œ ××©×ª×ª×£. ××—×¡×•×š ×œ×›× ××ª ×”×›××‘ ××¨××©: ×‘×›×œ ××§×¨×” × ×ª× ×™×”×• ×•×”×©×•×¤×¨×•×ª ×™×©×§×¨×• ××—×´×› ×©×”×”×¤×’× ×” ××•×¨×’× ×” ×‘×™×“×™ ×©×××œ ×‘×•×’×“× ×™ ×”×××•××Ÿ ××›×¡×£ ×–×¨ ×•×ª×•××š ×‘××•×™×‘× ×•. × ×•, ×©×™×’×™×“×•.

×—×©×•×‘ ×œ×›× ×©×™×©×¨××œ ×ª×™×©××¨ ×“××•×§×¨×˜×™×”? ×¤×©×•×˜ ×ª×‘×•××•.",https://twitter.com/StavShaffir,×¡×ª×™×• ×©×¤×™×¨ Stav Shaffir ğŸ‡®ğŸ‡±,https://twitter.com/StavShaffir/status/1611320927509159938,2023-04-20T13:27:22.170Z,https://twitter.com/search?q=%20%3A%20min_faves%3A100%20%D7%93%D7%9E%D7%95%D7%A7%D7%A8%D7%98%D7%99%D7%94%20until%3A2023-01-10%20since%3A2023-01-01&src=typeahead_click&f=live
Sat Jan 07 18:36:58 +0000 2023,980756063271182336,Duduoppe,"×”×¨××™×•× ×•×ª ×¢× ×‘×¨×§ ×××—×™×©×™× ×‘×“×™×•×§ ××™×š ××¢×¨×›×ª ×”××©×¤×˜ ×”×ª×“×¨×“×¨×” ×œ××¦×‘ ×”×¢×’×•× ×©×”×™× × ××¦× ×‘×• ×›×¨×’×¢.
××¤×¡ ×™×›×•×œ×ª ×œ×§×‘×œ ×‘×™×§×•×¨×ª. ××¤×¡ ×™×›×•×œ×ª ××¤×™×œ×• ×œ×”×‘×™×Ÿ ×××™×¤×” ×”×‘×™×§×•×¨×ª ××’×™×¢×”. ×¨×§ ×”×ª× ×©××•×ª ×•××¦×’ ×©×•×•× ×›××™×œ×• ×”×•× ×”××“× ×”×™×—×™×“ ×‘×¢×•×œ× ×©×™×•×“×¢ ××” ×–××ª ×“××•×§×¨×˜×™×” ×•××™×š ×”×™× ×××•×¨×” ×œ×¢×‘×•×“.",https://twitter.com/Duduoppe,ğŸ’¥ğŸºDavid OppenheimğŸ’¥ğŸº,https://twitter.com/Duduoppe/status/1611794035169017856,2023-04-20T13:27:22.170Z,https://twitter.com/search?q=%20%3A%20min_faves%3A100%20%D7%93%D7%9E%D7%95%D7%A7%D7%A8%D7%98%D7%99%D7%94%20until%3A2023-01-10%20since%3A2023-01-01&src=typeahead_click&f=live
Fri Jan 06 17:56:19 +0000 2023,1098672331453579264,TalOr314,"×× ×©×™× ×©××—××• ×›×¤×™×™× ×›×©×”×¤×¨×§×œ×™×˜×•×ª ×‘×¦×¢×” ×”×¤×™×›×” ××©×¤×˜×™×ª ×•×ª×¤×¨×” ×ª×™×§×™× ×œ×¨××© ×××©×œ×” ××›×”×Ÿ ×‘×××¦×¢×•×ª ×¢×™× ×•×™ × ×—×§×¨×™× ××¡×¤×¨×™× ×œ× ×• ×›×¢×ª ×©×”× ×—×¨×“×™× ×œ×“××•×§×¨×˜×™×”.

××‘×œ ×”×××ª ×”×¤×•×›×”: ×”× ×œ× ×—×¨×“×™× ×œ×“××•×§×¨×˜×™×”, ×”× ×—×¨×“×™× ××”×“××•×§×¨×˜×™×”, ×“××•×§×¨×˜×™×” ×©×ª×§×— ××”× ××ª ××•×§×“×™ ×”×›×•×— ×©×”× × ×›×¡×• ×œ×¢×¦×× ×œ×œ× ×–×›×•×ª ×•×œ×œ× ×¡××›×•×ª.

×”×’×™×¢ ×”×–××Ÿ ×œ××©×•×œ.",https://twitter.com/TalOr314,Tal Or Tasuna,https://twitter.com/TalOr314/status/1611421416670240769,2023-04-20T13:27:22.170Z,https://twitter.com/search?q=%20%3A%20min_faves%3A100%20%D7%93%D7%9E%D7%95%D7%A7%D7%A8%D7%98%D7%99%D7%94%20until%3A2023-01-10%20since%3A2023-01-01&src=typeahead_click&f=live
Sat Jan 07 18:13:08 +0000 2023,4229480969,Eliyahu_a,××™×š ×“××•×§×¨×˜×™×”? ××ª× ×ª×•××›×™× ×‘××•×™×‘! https://t.co/aJ223NRzIC,https://twitter.com/Eliyahu_a,×¢××™×—×™ ××œ×™×”×•,https://twitter.com/Eliyahu_a/status/1611788039746998272,2023-04-20T13:27:22.170Z,https://twitter.com/search?q=%20%3A%20min_faves%3A100%20%D7%93%D7%9E%D7%95%D7%A7%D7%A8%D7%98%D7%99%D7%94%20until%3A2023-01-10%20since%3A2023-01-01&src=typeahead_click&f=live
Fri Jan 06 13:42:14 +0000 2023,4850517910,bardugojacob,"×´×œ××¢×©×”, ×”×©×œ×˜×•×Ÿ × ×ª×•×Ÿ ×‘×™×“×™ ×¨××©×™ ×”×¡×™×¢×•×ª ×©×œ ×”×§×•××œ×™×¦×™×”, ×”×™×›×•×œ×™× ×œ×¢×©×•×ª ×›×›×œ ×”×¢×•×œ×” ×¢×œ ×¨×•×—×, ×•×œ×›×š ×§×•×¨××™× ×“××•×§×¨×˜×™×” ×”××××©×ª ××ª ×¨×¦×•×Ÿ ×”×¢×. ××“×•×‘×¨ ×‘××›×™×¨×” ×›×œ×œ×™×ª ×©×œ ×›×œ ×¡×˜× ×“×¨×˜×´ - ×”×“×‘×¨×™× × ×××¨×• ×¢×œ ×××©×œ×ª ×¢×‘××¡? ×•×“××™ ×©×œ×â€¦ ×§×¨×× ×™×¦×¨ ××•×“××’ ×¨×§ ×”×™×•×",https://twitter.com/bardugojacob,×™×¢×§×‘ ×‘×¨×“×•×’×•,https://twitter.com/bardugojacob/status/1611357477781520384,2023-04-20T13:27:22.170Z,https://twitter.com/search?q=%20%3A%20min_faves%3A100%20%D7%93%D7%9E%D7%95%D7%A7%D7%A8%D7%98%D7%99%D7%94%20until%3A2023-01-10%20since%3A2023-01-01&src=typeahead_click&f=live
Fri Jan 06 19:30:24 +0000 2023,2970989352,michael_dvorin,"""×©×•×“×“ ×”×™× ×”××©×¤×˜×™"" ×›××• ×©×›×™× ×” ××•×ª×• ××—×“ ×”××©×¤×˜×™× ×”××•×‘×™×œ×™× ×‘××¨×”""×‘ ×‘×××” ×”20 ××“×‘×¨ ×¢×œ ×”××™×œ×” ×“××•×§×¨×˜×™×” ×’×™×—×›×ª×™ ×‘×¦×“.",https://twitter.com/michael_dvorin,Michael Dvorin ××™×›××œ ×“×‘×•×¨×™×Ÿ,https://twitter.com/michael_dvorin/status/1611445096934740041,2023-04-20T13:27:22.170Z,https://twitter.com/search?q=%20%3A%20min_faves%3A100%20%D7%93%D7%9E%D7%95%D7%A7%D7%A8%D7%98%D7%99%D7%94%20until%3A2023-01-10%20since%3A2023-01-01&src=typeahead_click&f=live
Sat Jan 07 17:39:11 +0000 2023,17865618,Tzipi_Livni,"×× ×—× ×• ×¤×” ×œ×ª××™×“, ×‘×œ×™ ×“××•×§×¨×˜×™×” ××™×Ÿ ×¢×ª×™×“. https://t.co/aYFuR7kVeA",https://twitter.com/Tzipi_Livni,×¦×™×¤×™ ×œ×‘× ×™ Tzipi Livni,https://twitter.com/Tzipi_Livni/status/1611779494003576832,2023-04-20T13:27:22.170Z,https://twitter.com/search?q=%20%3A%20min_faves%3A100%20%D7%93%D7%9E%D7%95%D7%A7%D7%A8%D7%98%D7%99%D7%94%20until%3A2023-01-10%20since%3A2023-01-01&src=typeahead_click&f=live
Fri Jan 06 13:11:32 +0000 2023,848511075935039492,kann_news,"××”×¨×Ÿ ×‘×¨×§ ××“×‘×¨: ×ª×•×›× ×™×ª ×œ×•×™×Ÿ ×—×•× ×§×ª ××ª ×”×“××•×§×¨×˜×™×”, ×”×“×‘×¨ ×”××§×‘×™×œ - ××”×¤×›×ª ×˜× ×§×™× | ×”×¨×™××™×•×Ÿ ×”××œ× ×œ-@almog_tamar - ××—×¨ ×‘-#×—×“×©×•×ª×”×©×‘×ª ×‘×›××Ÿ 11 https://t.co/1xgfNSiazm",https://twitter.com/kann_news,×›××Ÿ ×—×“×©×•×ª,https://twitter.com/kann_news/status/1611349749155893248,2023-04-20T13:27:22.170Z,https://twitter.com/search?q=%20%3A%20min_faves%3A100%20%D7%93%D7%9E%D7%95%D7%A7%D7%A8%D7%98%D7%99%D7%94%20until%3A2023-01-10%20since%3A2023-01-01&src=typeahead_click&f=live
Sat Jan 07 11:13:35 +0000 2023,820885612857266176,netanelgla,"××‘×—×™× ×ª ××”×¨×•×Ÿ ×‘×¨×§, ×¢×¦× ××¡×™×‘×ª ×”×¢×™×ª×•× ××™× ×©×œ ×œ×•×™×Ÿ ×”×™× ×¢×‘×™×¨×” ×¢×œ ×”×—×•×§, ×©××¢×ª× ×˜×•×‘, ×¢×¦× ×”×¢×•×‘×“×” ×©×œ×•×™×Ÿ ××¦×”×™×¨ ×¢×œ ×›×•×•× ×•×ª×™×• ×–×” ×¢×‘×™×¨×” ×¢×œ ×”×—×•×§.
×•×™×© ×× ×©×™× ×©××©×›×¨×” ×—×•×©×‘×™× ×©×”××“× ×”××¡×•×›×Ÿ ×”×–×” ×™×™×¡×“ ×¤×” ×“××•×§×¨×˜×™×” ×œ×ª×¤××¨×ª.
×§×¨×“×™×˜ @TalRimmer 

 https://t.co/dq1n0KuPHs",https://twitter.com/netanelgla,× ×ª× ××œ ×’×œ×¡× ×¨ ğŸ‡®ğŸ‡±ğŸ‡®ğŸ‡±,https://twitter.com/netanelgla/status/1611682452879343619,2023-04-20T13:27:22.170Z,https://twitter.com/search?q=%20%3A%20min_faves%3A100%20%D7%93%D7%9E%D7%95%D7%A7%D7%A8%D7%98%D7%99%D7%94%20until%3A2023-01-10%20since%3A2023-01-01&src=typeahead_click&f=live
Thu Jan 05 10:36:09 +0000 2023,1550239293435793408,ShikmaBressler,×“×™××“×•××™ ×“××•×§×¨×˜×™×”. ×ª××™×“ ×™×© ××” ×œ×¢×©×•×ª. https://t.co/dlSOcJdyIy,https://twitter.com/ShikmaBressler,×©×§××” ×‘×¨×¡×œ×¨ Shikma Bressler,https://twitter.com/ShikmaBressler/status/1610948260629299200,2023-04-20T13:27:22.170Z,https://twitter.com/search?q=%20%3A%20min_faves%3A100%20%D7%93%D7%9E%D7%95%D7%A7%D7%A8%D7%98%D7%99%D7%94%20until%3A2023-01-10%20since%3A2023-01-01&src=typeahead_click&f=live
Fri Jan 06 09:10:18 +0000 2023,3034575061,ehad1haam,"×–××Ÿ ×¨×‘ ×©×”× ××ª×›× × ×™× ××ª ×”××•× ×¡. ××™ ×™×—×–×™×§ ××•×ª×” ×•×›×™×¦×“ ×™×‘×¦×¢×• ××ª ×–××.  ××™×š ×™×©× ×• ×œ×” ××ª ×”×¦×•×¨×” ×‘× ×™×’×•×“ ×œ×¨×¦×•× ×”.  ××¡×‘×™×¨×™×  ×©×™×”×™×” ×œ×” ×›×™×™×£ ×•×”× ××” ×•×–×”  ×œ×˜×•×‘×ª×”, ××•×œ× ×”×™× ×‘×©×œ×”.
 ×”×”××•×Ÿ ×”××©×•×œ×”×‘ ×¦×•×¢×§: ""×ª××©×™×›×•, ×”×‘×˜×—×ª× ×œ× ×• ×”×¦×’×”"".
×”× ×–×™×”×• ×©×”×™× ×—×œ×©×” ×•×¡×•×‘×œ×ª ××›×œ ×”×ª×¡××™× ×™× ×©×œ ×“××•×§×¨×˜×™×” ×—×•×œ×”    ×•×”×—×œ×™×˜×• ×©×–×• ×”×©×¢×”",https://twitter.com/ehad1haam,Yosi Levy - ×™×•×¡×™ ×œ×•×™,https://twitter.com/ehad1haam/status/1611289041500270594,2023-04-20T13:27:22.170Z,https://twitter.com/search?q=%20%3A%20min_faves%3A100%20%D7%93%D7%9E%D7%95%D7%A7%D7%A8%D7%98%D7%99%D7%94%20until%3A2023-01-10%20since%3A2023-01-01&src=typeahead_click&f=live
Fri Jan 06 06:38:31 +0000 2023,915228174480547840,GadiTaub1,"×‘×©×¨×©×•×¨ ×××ª××•×œ ×©×›×—×ª×™ ××ª ×”×¡×™×¡×× ×”× ×¤×•×¦×” ×‘×™×•×ª×¨ ×‘×§×¨×‘ ××ª× ×’×“×™ ×›×œ ×¨×¤×•×¨××” ×‘××¢×¨×›×ª ×”××©×¤×˜, ×”×•×ª×™×§×” ×©×‘×”×˜×¢×™×•×ª: ""×“××•×§×¨×˜×™×” ×”×™× ×œ× (×¨×§) ×©×œ×˜×•×Ÿ ×”×¨×•×‘"". 

××” ×›××Ÿ ×“××’×•×’×™? ×©××£ ××—×“ ×œ× ×××¨ ×©×“××•×§×¨×˜×™×” ×”×™× (×¨×§) ×©×œ×˜×•×Ÿ ×”×¨×•×‘. 

××” ×©××’×“×™×¨ ××ª ×”×“××•×§×¨×˜×™×” ×”×•× ×¨×™×‘×•× ×•×ª ×”××–×¨×—×™×, ×•×”×™× ××•×¦××ª ××ª ×‘×™×˜×•×™×” &gt;&gt;",https://twitter.com/GadiTaub1,Gadi Taub ×©×•××¨ ×¡×£,https://twitter.com/GadiTaub1/status/1611250843092656129,2023-04-20T13:27:22.170Z,https://twitter.com/search?q=%20%3A%20min_faves%3A100%20%D7%93%D7%9E%D7%95%D7%A7%D7%A8%D7%98%D7%99%D7%94%20until%3A2023-01-10%20since%3A2023-01-01&src=typeahead_click&f=live
Sat Jan 07 14:36:09 +0000 2023,399363751,eyal6699,"2020 ×”×™×ª×” ×”×©× ×” ×©×œ ×›×™× ×•×™ ×”×’× ××™ ×”×¨×œ""×‘ - ×¨×§ ×œ× ×‘×™×‘×™. ×× ×™ ××¦×™×¢ ×©×‘2023 × ×ª×§×“× ×œ×›×™× ×•×™ ×”×’× × ×“×œ""×‘ - ×“××•×§×¨×˜×™×” ×œ×™×”×•×“×™× ×‘×œ×‘×“.
×œ×“×•×’××: '××™×Ÿ ×œ×™ ×›×•×— ×œ××—× ×” ×”×“×œ""×‘×™ ×©×œ× ××•×›×Ÿ ×©× ×“×‘×¨ ×¢×œ ×©×œ×˜×•×Ÿ ×¦×‘××™ ×¢×œ ××™×œ×™×•× ×™ ×‘× ×™ ××“× ×‘×”×¤×’× ×” ×œ××¢×Ÿ ×“××•×§×¨×˜×™×”'.",https://twitter.com/eyal6699,@eyal@leftodon.social ğŸ‰,https://twitter.com/eyal6699/status/1611733432249237507,2023-04-20T13:27:22.170Z,https://twitter.com/search?q=%20%3A%20min_faves%3A100%20%D7%93%D7%9E%D7%95%D7%A7%D7%A8%D7%98%D7%99%D7%94%20until%3A2023-01-10%20since%3A2023-01-01&src=typeahead_click&f=live
Sat Jan 07 18:31:29 +0000 2023,1245818725678358529,rozolyo,"×œ×¤×—×•×ª 10,000 ××™×© ×”×’×™×¢×• ×”×¢×¨×‘ ×œ×›×™×›×¨ ×”×‘×™××”. ×›×¨×’×¢ ×™×¦××” ×¦×¢×“×ª ×”×œ×¤×™×“×™×, ×‘×§×¨×™××”: ×“××•×§×¨×˜×™×” ××• ××¨×“ ğŸ”¥
#×“××•×§×¨×˜×™×”_××•_××¨×“ https://t.co/2fjpyEbQ9Z",https://twitter.com/rozolyo,Nava RozolyoğŸ¤¸ğŸ»â€â™€ï¸ğŸ¤­ğŸ¥‘ğŸŒ,https://twitter.com/rozolyo/status/1611792656224452612,2023-04-20T13:27:22.170Z,https://twitter.com/search?q=%20%3A%20min_faves%3A100%20%D7%93%D7%9E%D7%95%D7%A7%D7%A8%D7%98%D7%99%D7%94%20until%3A2023-01-10%20since%3A2023-01-01&src=typeahead_click&f=live
Sat Jan 07 13:59:45 +0000 2023,876408437814558724,YairNetanyahu,"×”×¨×¤×•×¨××” ×©×œ ×™×¨×™×‘ ×œ×•×™×Ÿ ×‘×§×œ×™×¤×ª ××’×•×–- ×”×—×–×¨×ª ×”×›×•×— ×‘××“×™× ×” ×œ×™×“×™  ×”*×¢×* ×”×™×©×¨××œ×™ ××™×“×™ *×¤×§×™×“×™×* ×©×××œ× ×™× ×©×œ× × ×‘×—×¨×•. ×–×” ×œ× ×§×¥ ×”×“××•×§×¨×˜×™×”, ×–×• ××”×•×ª ×”×“××•×§×¨×˜×™×”! ×“××•×§×¨×˜×™×”  ×‘×™×•×•× ×™×ª - ×“××•×¡ ×§×¨×˜×•×¡- ×©×œ×˜×•×Ÿ ×”*×¢×*! 
×–×• ×‘×“×™×•×§ ×”×“××•×§×¨×˜×™×” ×©×§×™×™××ª ×‘×××¨×™×§×”, ×‘×¨×™×˜× ×™×”, ×§× ×“×”, ×’×¨×× ×™×” ×•××•×¡×˜×¨×œ×™×”, ×•×œ× ×§×™×™××ª ×›×¨×’×¢ ×‘××¨×¥.",https://twitter.com/YairNetanyahu,Yair Netanyahu,https://twitter.com/YairNetanyahu/status/1611724273927819265,2023-04-20T13:27:22.170Z,https://twitter.com/search?q=%20%3A%20min_faves%3A100%20%D7%93%D7%9E%D7%95%D7%A7%D7%A8%D7%98%D7%99%D7%94%20until%3A2023-01-10%20since%3A2023-01-01&src=typeahead_click&f=live
Sat Jan 07 13:34:16 +0000 2023,60260247,AlonLeeGreen,"×©×•××¢ ×©×œ×›×œ ××™× ×™ ×’× ×¨×œ×™× ×™×© ×‘×¢×™×” ×¢× ×–×” ×©×™×”×™×• ×”×¢×¨×‘ ×¢×œ ×”×‘××” × ×•×××™× ×¢×¨×‘×™× ×•×©×™×“×‘×¨×• ×’×, ×¨×—×× × ×œ×™×¦×œ×Ÿ, ×¢×œ ×”×›×™×‘×•×©. ×”× ×§×•×¨××™× ×œ× ×œ×”×¦×˜×¨×£ ×œ×¦×¢×“×” ×©×œ× ×• ×”×¢×¨×‘.

××– ×‘×•××• × ×¢×©×” ××ª ×–×” ×”×›×™ ×‘×¨×•×¨ ×©××¤×©×¨: ××™×Ÿ ×“××•×§×¨×˜×™×” ×¢× ××¤×œ×™×” ×©×™×˜×ª×™×ª ×©×œ ××–×¨×—×™× ×•×¢× ×©×œ×™×˜×” ×¦×‘××™×ª ×¢×œ ××™×œ×™×•× ×™ ×× ×©×™×. ×™×© ×œ×›× ×‘×¢×™×” ×¢× ×–×”? ××œ ×ª×‘×•××•.",https://twitter.com/AlonLeeGreen,Alon-Lee Green - Ø£Ù„ÙˆÙ†-Ù„ÙŠ Ø¬Ø±ÙŠÙ† - ××œ×•×Ÿ-×œ×™ ×’×¨×™×Ÿ ğŸŸ£,https://twitter.com/AlonLeeGreen/status/1611717859276902400,2023-04-20T13:27:22.170Z,https://twitter.com/search?q=%20%3A%20min_faves%3A100%20%D7%93%D7%9E%D7%95%D7%A7%D7%A8%D7%98%D7%99%D7%94%20until%3A2023-01-10%20since%3A2023-01-01&src=typeahead_click&f=live
Sat Jan 07 18:14:10 +0000 2023,1222624314463264768,DrorKapah,"××¡×›× ×‘×§×¦×¨×” ××”×™ ×“××•×§×¨×˜×™×”:

×›××©×¨ ×”×©×××œ ×‘×©×œ×˜×•×Ÿ - ×“××•×§×¨×˜×™×” ×”×™× ×”×›×¨×¢×ª ×”×¨×•×‘
×›××©×¨ ×”×™××™×Ÿ ×‘×©×œ×˜×•×Ÿ - ×“××•×§×¨×˜×™×” ×”×™× ×–×›×•×™×•×ª ×”××™×¢×•×˜",https://twitter.com/DrorKapah,×“×¨×•×¨ ×§××¤×— Dror Kapah,https://twitter.com/DrorKapah/status/1611788298761936898,2023-04-20T13:27:22.170Z,https://twitter.com/search?q=%20%3A%20min_faves%3A100%20%D7%93%D7%9E%D7%95%D7%A7%D7%A8%D7%98%D7%99%D7%94%20until%3A2023-01-10%20since%3A2023-01-01&src=typeahead_click&f=live
Fri Jan 06 20:07:40 +0000 2023,909382373078380546,roznaiy,"×× ×‘×××ª ×¨×•×¦×™× ×œ×”×©×•×•×ª ××•×ª× ×• ×œ×“××•×§×¨×˜×™×•×ª ××•×“×¨× ×™×•×ª, ××– ×× ×—× ×• ×¦×¨×™×›×™× ×œ×§×‘×œ ×—×•×§×” × ×•×§×©×” (×›××• ×‘×¨×•×‘ ×”××•×—×œ×˜ ×©×œ ××“×™× ×•×ª ×”×¢×•×œ×), ×‘×™×§×•×¨×ª ×©×™×¤×•×˜×™×ª (×©×™×© ×‘-87% ××”××“×™× ×•×ª ×‘×¢×•×œ×), ××’×™×œ×ª ×–×›×•×™×•×ª ××§×™×¤×” (×‘×××•×¦×¢ 35 ×–×›×•×™×•×ª) ×•×œ×©××•×£ ×œ×”×™×•×ª ×“××•×§×¨×˜×™×” ××•×“×¨× ×™×ª, ×•×œ× ×œ×”×ª×“×¨×“×¨ ×œ×›×™×•×•×Ÿ ×©×œ ×¤×•×œ×™×Ÿ ×•×”×•× ×’×¨×™×”.@MoavVardi @kann https://t.co/h6CwZBTZpO",https://twitter.com/roznaiy,×™× ×™×‘ ×¨×•×–× ××™ Yaniv Roznai,https://twitter.com/roznaiy/status/1611454473309659147,2023-04-20T13:27:22.170Z,https://twitter.com/search?q=%20%3A%20min_faves%3A100%20%D7%93%D7%9E%D7%95%D7%A7%D7%A8%D7%98%D7%99%D7%94%20until%3A2023-01-10%20since%3A2023-01-01&src=typeahead_click&f=live
Thu Jan 05 06:19:03 +0000 2023,3187868503,limor_moyal,"ğŸ”¸ï¸××™×Ÿ ×“××•×§×¨×˜×™×” ×‘×œ×™ ×”×¤×¨×“×ª ×¨×©×•×™×•×ª
ğŸ”¸ï¸××™×Ÿ ×“××•×§×¨×˜×™×” ×‘×œ×™ ××¢×¨×›×ª ××©×¤×˜ ×¢×¦×××™×ª
ğŸ”¸ï¸××™×Ÿ ×“××•×§×¨×˜×™×” ×‘×œ×™ ××™×–×•× ×™× ×•×‘×œ××™×
ğŸ”¸ï¸××™×Ÿ ×“××•×§×¨×˜×™×” ×©×‘×” ×–×›×•×™×•×ª ×”×™×¡×•×“ ×—×©×•×¤×•×ª ×œ×¤×’×™×¢×” ×©×œ ×¤×•×œ×™×˜×™×§××™×
ğŸ”¸ï¸××™×Ÿ ×“××•×§×¨×˜×™×” ×©×‘×” ××ª×§×™×™××ª ×¢×¨×™×¦×•×ª ×¨×•×‘ ×•×¨××™×¡×ª ×–×›×•×™×•×ª ×”××™×¢×•×˜×™×
ğŸ”¸ï¸×—×•×‘×ª× ×• ×”××–×¨×—×™×ª ×œ×§×•× ×•×œ×”×™×œ×—× ×¢×œ ×¢×ª×™×“ ×™×©×¨××œ https://t.co/pEiVp1Gbyb",https://twitter.com/limor_moyal,ğ“›ğ“²ğ“¶ğ“¸ğ“» ğ“œğ“¸ğ”‚ğ“ªğ“µ,https://twitter.com/limor_moyal/status/1610883556582084609,2023-04-20T13:27:22.170Z,https://twitter.com/search?q=%20%3A%20min_faves%3A100%20%D7%93%D7%9E%D7%95%D7%A7%D7%A8%D7%98%D7%99%D7%94%20until%3A2023-01-10%20since%3A2023-01-01&src=typeahead_click&f=live
Thu Jan 05 06:15:46 +0000 2023,173418313,EldadYaniv,"××¢×¨×›×ª ×”××©×¤×˜ ××§×•×œ×§×œ×ª. 
×”×¦×™×‘×•×¨ ××™×‘×“ ×‘×” ×××•×Ÿ. 
×•××™×Ÿ ×“××•×§×¨×˜×™×” ×™×¦×™×‘×” ×‘×œ×™ ××¢×¨×›×ª ××©×¤×˜ ×©×–×•×›×” ×‘×××•×Ÿ. 
×œ×›×Ÿ ×¨×¤×•×¨××” × ×—×•×¦×” ×××“. 

××ª× ××ª× ×’×“×™× ×œ×”×¦×¢×” ×©×œ ×œ×•×™×Ÿ? 
×œ×›×•×œ×”? 
×œ×—×œ×§×”?

××– ××” ×”×”×¦×¢×•×ª ×©×œ×›× ×œ×¨×¤×•×¨××”? 
×œ×ª×™×§×•×Ÿ? 
×œ×”×©×‘×ª ×”×××•×Ÿ?

×œ×¢×œ×•×ª ×©×•×‘ ×¢×œ ×”×’×©×¨×™× ×•×œ×¦×¢×•×§ ×œ×-×œ×-×œ×?

×‘×“×™×•×§ ××” ×©×’×¨× ×œ×ª×‘×•×¡×” ×‘×‘×—×™×¨×•×ª.",https://twitter.com/EldadYaniv,Eldad Yaniv ğŸ‡®ğŸ‡± ××œ×“×“ ×™× ×™×‘,https://twitter.com/EldadYaniv/status/1610882729079341056,2023-04-20T13:27:22.170Z,https://twitter.com/search?q=%20%3A%20min_faves%3A100%20%D7%93%D7%9E%D7%95%D7%A7%D7%A8%D7%98%D7%99%D7%94%20until%3A2023-01-10%20since%3A2023-01-01&src=typeahead_click&f=live
Wed Jan 04 18:16:51 +0000 2023,730389847219834881,smadar_shmueli,×¡×•×¤×¡×•×£ ×“××•×§×¨×˜×™×”. ×¨×¦×•×Ÿ ×”×¨×•×‘. ×—×›××ª ×”×”××•× ×™×. ×©×œ×˜×•×Ÿ ×”×¢× ×¢×œ ×™×“×™ ×”×¢× ×œ××¢×Ÿ ×”×¢×.,https://twitter.com/smadar_shmueli,×¡××“×¨ ×”×™×œ×” ×©××•××œ×™ ğŸ‡®ğŸ‡±,https://twitter.com/smadar_shmueli/status/1610701807700918283,2023-04-20T13:27:22.170Z,https://twitter.com/search?q=%20%3A%20min_faves%3A100%20%D7%93%D7%9E%D7%95%D7%A7%D7%A8%D7%98%D7%99%D7%94%20until%3A2023-01-10%20since%3A2023-01-01&src=typeahead_click&f=live
Wed Jan 04 18:29:08 +0000 2023,1056891613157437440,realadamgold,"×•×©×•×‘: ×¦×¨×™×š ×©×™×œ×•×‘ ×™×•×¦× ×“×•×¤×Ÿ ×©×œ ×˜×™×¤×©×•×ª, ×—×•×¦×¤×” ×•× ×™×ª×•×§ ×›×“×™ ×œ×—×©×•×‘ ×©×¢×“ ×”×”×¤×™×›×” ×©×œ ×‘×¨×§ ×œ× ×”×™×™×ª×” ×‘×™×©×¨××œ ×“××•×§×¨×˜×™×”. 

×–×” ×˜×™×¢×•×Ÿ ×›×œ ×›×š × ×—×•×ª, ××’×•×—×š ×•×¨×©×œ× ×™ -* ××™× ×˜×œ×§×˜×•××œ×™×ª, ×”×™×¡×˜×•×¨×™×ª, ××©×¤×˜×™×ª ×•×—×‘×¨×ª×™×ª - ×›×š ×©××™×Ÿ ×¤×œ× ×©×”×“×•×‘×¨×™× ×”×‘×•×œ×˜×™× ×©×œ×• ×‘×©×™×— ×”×¦×™×‘×•×¨×™ ×”× ×¨×¤×™ ×©×›×œ ××‘×™×›×™× ×›××• ×’×œ×™×§××Ÿ, ×‘× ×™ ×’× ×¥ ×•×™××™×¨ ×œ×¤×™×“.",https://twitter.com/realadamgold,××“× ×’×•×œ×“ Adam Gold,https://twitter.com/realadamgold/status/1610704898923823104,2023-04-20T13:27:22.170Z,https://twitter.com/search?q=%20%3A%20min_faves%3A100%20%D7%93%D7%9E%D7%95%D7%A7%D7%A8%D7%98%D7%99%D7%94%20until%3A2023-01-10%20since%3A2023-01-01&src=typeahead_click&f=live
Wed Jan 04 17:23:20 +0000 2023,42392976,acrionline,"×“×’×œ ×©×—×•×¨ ğŸ´ ××ª× ×•×¡×¡ ××¢×œ ×”×¢×¨×‘ ×”×–×”. ×–×• ×œ× ×”×’×–××” ×•×œ× ××™×•× â€“ ×™×¨×™×‘ ×œ×•×™×Ÿ ××¦×™×’ ×ª×›× ×™×ª ×œ×”×¤×™×›×” ××©×˜×¨×™×ª ×©×‘×¡×™×•××” ×™×©×¨××œ ×¢×œ×•×œ×” ×œ×—×“×•×œ ××œ×”×™×•×ª ×“××•×§×¨×˜×™×”. 
×–×” ×›×›×” ×¤×©×•×˜ &gt;&gt;&gt; https://t.co/mZwU84RlqE",https://twitter.com/acrionline,×”××’×•×“×” ×œ×–×›×•×™×•×ª ×”××–×¨×—,https://twitter.com/acrionline/status/1610688340424101902,2023-04-20T13:27:22.170Z,https://twitter.com/search?q=%20%3A%20min_faves%3A100%20%D7%93%D7%9E%D7%95%D7%A7%D7%A8%D7%98%D7%99%D7%94%20until%3A2023-01-10%20since%3A2023-01-01&src=typeahead_click&f=live
Thu Jan 05 06:28:49 +0000 2023,47863036,ptr_dvd,"×œ×¦×™×‘×•×¨ ×”×™×©×¨××œ×™ ××’×™×¢ ×œ×“×¢×ª ××”×Ÿ ×ª×¤×™×¡×•×ª ×”×¢×•×œ× ×©×œ ×”×©×•×¤×˜×™× ×‘×˜×¨× ×”× ××ª×× ×™× ×œ×¢×¨×›××” ×”×¢×œ×™×•× ×”.
×¢×¦× ×”×¦×•×¨×š ×œ×•××¨ ××ª ×–×” ××¢×™×“ ×¢×œ ×”× ×™×•×•×Ÿ ×”×“××•×§×¨×˜×™ ×©×¦×¨×™×š ×œ×ª×§×Ÿ.
×""×‘ ×©×œ ×“××•×§×¨×˜×™×”.
×§×‘×œ×• ×××ª×§: ×©×™××• ×œ×‘ ××” ×”×™×” ×—×©×•×‘ ×œ×—×‘×¨×™ ×”×§×•× ×’×¨×¡ ×œ×‘×¨×¨ ×‘×©×™××•×¢ ×œ×¤× ×™ ××™× ×•×™×” ×©×œ ×”×©×•×¤×˜×ª ××œ× ×” ×§×’×Ÿ ×œ×‘×™×”×""×© ×”×¢×œ×™×•×Ÿ ×‘××¨×”""×‘ ×¢×•×“ ×‘2010. https://t.co/SWn0O4YTY4",https://twitter.com/ptr_dvd,David Peter ×“×•×“ ×¤×˜×¨,https://twitter.com/ptr_dvd/status/1610886013127098368,2023-04-20T13:27:22.170Z,https://twitter.com/search?q=%20%3A%20min_faves%3A100%20%D7%93%D7%9E%D7%95%D7%A7%D7%A8%D7%98%D7%99%D7%94%20until%3A2023-01-10%20since%3A2023-01-01&src=typeahead_click&f=live
Wed Jan 04 20:54:41 +0000 2023,835729609752739840,iloveisraell,"×™×© ×“×£ ××¡×¨×™× ×œ×©×•×¤×¨×•×ª ×©××ª×—×™×œ ×‘××™×œ×™× ""×‘××£ ×“××•×§×¨×˜×™×” ×‘×¢×•×œ×..."" ××©×¤×¨×¨×™× ×©×‘××£ ×“××•×§×¨×˜×™×” ××™×Ÿ ×›×›×” ×•×œ× ×¢×•×©×™× ×›×›×”.

×”×××ª ×”×¤×©×•×˜×” ×”×™× ×©×‘××£ ×“××•×§×¨×˜×™×” ×‘×¢×•×œ× ×œ× × ×•×ª× ×™× ×œ××¡×™×¨ ××©×•×—×¨×¨ ×©×”×•×¨×©×¢ ×‘×©×•×—×“, ×œ× ××©× ×‘×©×•×—×“ ×•×œ××•×¨×©×¢ ×‘×ª××™×›×” ×‘××¨×’×•×Ÿ ×˜×¨×•×¨ ×œ×§×—×ª ×—×œ×§ ×‘""×¨×¤×•×¨××” ××©×¤×˜×™×ª""
(×©×”×™× ×‘×¢×¦× ×”×¤×™×›×” ××©×˜×¨×™×ª)",https://twitter.com/iloveisraell,ğğ§ ğ€ğ³ğ«ğ¢ğğ¥,https://twitter.com/iloveisraell/status/1610741529945178112,2023-04-20T13:27:22.170Z,https://twitter.com/search?q=%20%3A%20min_faves%3A100%20%D7%93%D7%9E%D7%95%D7%A7%D7%A8%D7%98%D7%99%D7%94%20until%3A2023-01-10%20since%3A2023-01-01&src=typeahead_click&f=live
Wed Jan 04 21:18:43 +0000 2023,1381592591779692546,FalahSaab,"×¡×œ×™×—×” ×©×× ×™ ×§×•×˜×¢×ª ××ª ×”×“×™×•×Ÿ ×¢×œ ""×”×ª×¨×¡×§×•×ª"" ×”×“××•×§×¨×˜×™×”.×‘×××™ ×”××—×¨×•×Ÿ- ×‘×××©×œ×ª ""×”×©×™× ×•×™""-×‘×’""×¥ ×”×ª×™×¨ ×œ×’×¨×© ×ª×•×©×‘×™× ×¤×œ×¡×˜×™× ×™× ××©××•× ×” ×›×¤×¨×™× ×‘×’×“×” (××ª×•×›× ×’× ××¡××¤×¨ ×™×˜×)- ×•×‘×™×©×¨××œ ×”××©×™×›×• ×‘×©×’×¨×” ×©×œ×”×.×–×” ×”×™×” ×‘×¨×•×¨ ×©×‘×’""×¦ ×”×•× ×—×œ×§ ××”×× ×˜×™-×“××•×§×¨×˜×™×” ×©××›×©×™×¨×” ×“×™×›×•×™. ×”×—×œ×˜×” ×–×• ×”×™×™×ª×” ×”××¡××¨ ×”××—×¨×•×Ÿ ×‘××¨×•×Ÿ ×”×§×‘×•×¨×” ×©×œ ×‘×’""×¥",https://twitter.com/FalahSaab,Sheren Falah Saab Ø´ÙŠØ±ÙŠÙ† ÙÙ„Ø§Ø­ ØµØ¹Ø¨,https://twitter.com/FalahSaab/status/1610747576667541507,2023-04-20T13:27:22.170Z,https://twitter.com/search?q=%20%3A%20min_faves%3A100%20%D7%93%D7%9E%D7%95%D7%A7%D7%A8%D7%98%D7%99%D7%94%20until%3A2023-01-10%20since%3A2023-01-01&src=typeahead_click&f=live
Thu Jan 05 06:55:54 +0000 2023,454847587,UriMisgav,"××“×™× ×” ×©××™×Ÿ ×‘×” ×—×•×§×”, ×©× ×™×ª×Ÿ ×œ×—×•×§×§ ×‘×” ×›×œ ×—×•×§ ×‘×¤×¨×œ×× ×˜, ×©×œ×‘×™×ª ×”××©×¤×˜ ×”×¢×œ×™×•×Ÿ ×©×œ×” ××™×Ÿ ××¤×©×¨×•×ª ×œ×¤×¡×•×œ ×—×•×§×™× ×•×©× ×‘×—×¨×™ ×”×¦×™×‘×•×¨ ×©×œ×” ×—×¡×™× ×™× ××”×¢××“×” ×œ×“×™×Ÿ - ××™× ×” ×“××•×§×¨×˜×™×”. ××™ ×©×ª×•××š ×‘×”×¤×™×›×” ×”××©×˜×¨×™×ª ×©×œ × ×ª× ×™×”×• ×•×¡×™×™×¢× ×™×• ××™× ×• ×“××•×§×¨×˜. ×›×›×” ×¤×©×•×˜.",https://twitter.com/UriMisgav,Uri Misgav,https://twitter.com/UriMisgav/status/1610892832947986432,2023-04-20T13:27:22.170Z,https://twitter.com/search?q=%20%3A%20min_faves%3A100%20%D7%93%D7%9E%D7%95%D7%A7%D7%A8%D7%98%D7%99%D7%94%20until%3A2023-01-10%20since%3A2023-01-01&src=typeahead_click&f=live
Wed Jan 04 18:29:03 +0000 2023,3241178408,Nifla_Po,× ×•×ª× ×™× ×œ×›× ×‘×—×™× × ×›×¨×˜×™×¡×™× ×œ×©×•×¨×” ×”×¨××©×•× ×” ×œ×¦×¤×•×ª ×‘×ª×”×œ×™×š ×”×™×¡×˜×•×¨×™ ×©×œ ×©×™× ×•×™ ×©×™×˜×ª ××©×˜×¨ ××“××•×§×¨×˜×™×” ××”×•×ª×™×ª ×œ×—×™×§×•×™ ××–×¨×— ××™×¨×•×¤×™ ×©×œ ×“××•×§×¨×˜×™×” ×•××ª× ×¢×•×“ ××¢×–×™× ×œ×”×ª×œ×•× ×Ÿ. ×—××•×¦×™×,https://twitter.com/Nifla_Po,××¨ ×›.,https://twitter.com/Nifla_Po/status/1610704881052008475,2023-04-20T13:27:22.170Z,https://twitter.com/search?q=%20%3A%20min_faves%3A100%20%D7%93%D7%9E%D7%95%D7%A7%D7%A8%D7%98%D7%99%D7%94%20until%3A2023-01-10%20since%3A2023-01-01&src=typeahead_click&f=live
Thu Jan 05 07:06:09 +0000 2023,17324052,karineb,"×”×’×™×¢ ×”×–××Ÿ ×œ×¦××ª ×œ×¨×—×•×‘×•×ª. 
××œ ×ª×©××¨×• ×‘×‘×™×ª ×•×ª×ª×œ×•× × ×•. ×¦××• ×”×—×•×¦×” ×•×ª×¤×’×™× ×•. 
×–×• ×¢×“×™×™×Ÿ ×“××•×§×¨×˜×™×”.",https://twitter.com/karineb,Karine Nahon â€¢ ×§×¨×™×Ÿ × ×”×•×Ÿ,https://twitter.com/karineb/status/1610895411891392513,2023-04-20T13:27:22.170Z,https://twitter.com/search?q=%20%3A%20min_faves%3A100%20%D7%93%D7%9E%D7%95%D7%A7%D7%A8%D7%98%D7%99%D7%94%20until%3A2023-01-10%20since%3A2023-01-01&src=typeahead_click&f=live
Wed Jan 04 14:07:28 +0000 2023,934739505986310144,SadeYuval,"×—×™×¡×•×œ ×”×¤×¨×“×ª ×”×¨×©×•×™×•×ª ×‘×™×©×¨××œ, ×‘×¡×•×£ ×”×ª×”×œ×™×š ×ª×™×©××¨ ×¨×§ ×¨×©×•×ª ××‘×¦×¢×ª ×¢× ×›×•×— ×‘×œ×ª×™ ××•×’×‘×œ. ×“××•×§×¨×˜×™×” ×–×” ×œ×.",https://twitter.com/SadeYuval,×™×•×‘×œ ×©×“×” Yuval Sade,https://twitter.com/SadeYuval/status/1610639049663946752,2023-04-20T13:27:22.170Z,https://twitter.com/search?q=%20%3A%20min_faves%3A100%20%D7%93%D7%9E%D7%95%D7%A7%D7%A8%D7%98%D7%99%D7%94%20until%3A2023-01-10%20since%3A2023-01-01&src=typeahead_click&f=live
Wed Jan 04 21:11:01 +0000 2023,737977051249037312,mossi_raz,×”×™×™×ª×™ ×›×•×ª×‘ ×©×œ×•×™×Ÿ ××—×¡×œ ××ª ×”×“××•×§×¨×˜×™×” ×× ×”×™×™×ª×™ ×—×•×©×‘ ×©××“×™× ×” ×©×›×•×‘×©×ª ×›×‘×¨ 56 ×©× ×” ×™×›×•×œ×” ×œ×”×™×•×ª ×“××•×§×¨×˜×™×”,https://twitter.com/mossi_raz,Mossi Raz | ××•×¡×™ ×¨×– | Ù…ÙˆØ³ÙŠ Ø±Ø§Ø² ğŸŸ£,https://twitter.com/mossi_raz/status/1610745638785880066,2023-04-20T13:27:22.170Z,https://twitter.com/search?q=%20%3A%20min_faves%3A100%20%D7%93%D7%9E%D7%95%D7%A7%D7%A8%D7%98%D7%99%D7%94%20until%3A2023-01-10%20since%3A2023-01-01&src=typeahead_click&f=live
Wed Jan 04 18:15:29 +0000 2023,729188285411688450,shlomo_karhi,"×‘×—×œ×§×” ×¤×•×¡×˜ ×¦×™×•× ×™×ª, ×©×¨×•××¡×ª ××ª ×¨×¦×•×Ÿ ×”×¢× ×•×§×•×‘×¢×ª ××•×©×›×œ×•×ª ×™×¡×•×“ ×¢×œ ×¤×™ ×¢×¨×›×™×” ×•×‘× ×™×’×•×“ ×œ××“×™× ×™×•×ª ×”×“×¨×’ ×”× ×‘×—×¨. ×–×• ××™× ×” ×“××•×§×¨×˜×™×”.

×”×’×¢× ×• ×œ×©× ×•×ª. ×”×’×™×¢ ×”×–××Ÿ ×œ×ª×§×Ÿ. ×™×¨×™×‘, ×¢× ×™×©×¨××œ ×××—×•×¨×™×š. ""×œÖµ×šÖ° ×‘Ö°Ö¼×›Ö¹×—Ö²×šÖ¸ ×–Ö¶×” ×•Ö°×”×•Ö¹×©Ö·××¢Ö°×ªÖ¸Ö¼ ×Ö¶×ª ×™Ö´×©Ö°×‚×¨Ö¸×Öµ×œ"".",https://twitter.com/shlomo_karhi,ğŸ‡®ğŸ‡±×©×œ××” ×§×¨×¢×™ - Shlomo Karhi,https://twitter.com/shlomo_karhi/status/1610701466670448655,2023-04-20T13:27:22.170Z,https://twitter.com/search?q=%20%3A%20min_faves%3A100%20%D7%93%D7%9E%D7%95%D7%A7%D7%A8%D7%98%D7%99%D7%94%20until%3A2023-01-10%20since%3A2023-01-01&src=typeahead_click&f=live
Wed Jan 04 18:44:43 +0000 2023,751016359115513856,NadavNadavw,"×”×©×¨ ×œ×•×™×Ÿ ××¦×™×’ - ××“×™× ×” ×œ×œ× ××©×¤×˜.

××“×™× ×” ×œ×œ× ×–×›×•×™×•×ª ×™×¡×•×“: ×œ× ×—×™×¨×•×ª, ×œ× ×—×•×¤×© ×‘×™×˜×•×™, ×œ× ×§× ×™×™×Ÿ, ×œ× ×¤×¨×˜×™×•×ª.

××“×™× ×” ×œ×œ× ×”×¤×¨×“×ª ×¨×©×•×™×•×ª.

××“×™× ×” ×œ×œ× ×©×•×•×™×•×Ÿ: ×”×××©×œ×” ×¢×•×©×” ×›×œ ×©×‘×¨×¦×•× ×”, ×”××™×¢×•×˜ ×›×¤×•×£ ×œ×—×•×§ ×•×”×¨×•×‘ ×¤×˜×•×¨.

××“×™× ×” ×©×‘×” ×”×©×•×¤×˜×™× ×¤×•×œ×™×˜×™×™× ×•×”×™×•×¢×¦×™× ×‘×•×‘×•×ª.

×–×• ××“×™× ×” ×—×¡×¨×ª ×¢×ª×™×“. ×“××•×§×¨×˜×™×” ×”×™× ×œ×.",https://twitter.com/NadavNadavw,Nadav Weisman ğŸ‡®ğŸ‡±,https://twitter.com/NadavNadavw/status/1610708824222056485,2023-04-20T13:27:22.170Z,https://twitter.com/search?q=%20%3A%20min_faves%3A100%20%D7%93%D7%9E%D7%95%D7%A7%D7%A8%D7%98%D7%99%D7%94%20until%3A2023-01-10%20since%3A2023-01-01&src=typeahead_click&f=live
Thu Jan 05 06:17:35 +0000 2023,1207039513215811586,BarashiKinneret,"16 ×©×•×¤×˜×™× ×¢×œ×™×•× ×™× ×©×¤×•×¡×§×™× ×‘×”×ª×× ×œ×¡×‘×™×¨×•×ª ×©×œ×”× ×¢×‘×•×¨ ×› 9 ××™×œ×™×•×Ÿ ××–×¨×—×™× ×–×• ×œ× ×“××•×§×¨×˜×™×” ×–×• ×“×™×§×˜×˜×•×¨×” ××¡×•×›× ×ª. 

×‘×•×§×¨ ×˜×•×‘ ×œ××©×™×œ×•×ª! â¤ï¸",https://twitter.com/BarashiKinneret,Kinneret Barashi ×›× ×¨×ª ×‘×¨××©×™,https://twitter.com/BarashiKinneret/status/1610883186959216640,2023-04-20T13:27:22.170Z,https://twitter.com/search?q=%20%3A%20min_faves%3A100%20%D7%93%D7%9E%D7%95%D7%A7%D7%A8%D7%98%D7%99%D7%94%20until%3A2023-01-10%20since%3A2023-01-01&src=typeahead_click&f=live
Wed Jan 04 19:01:23 +0000 2023,1159023567771721733,ItshakWaserlauf,"×”×¢× ×©×‘×—×¨ ×‘××•×¤×Ÿ ×“××•×§×¨×˜×™, ×™×§×‘×œ ×“××•×§×¨×˜×™×”. ×–××ª ×”×¡×‘×™×¨×•×ª ×”×××™×ª×™×ª ×•×”×¢× ×××¨ ××ª ×“×‘×¨×•. ×ª×¤×§×™×“×™× ×©×œ ×”×™×•×¢×¦×™× ×œ×™×™×¢×¥ ×•× ×‘×—×¨×™ ×”×¦×™×‘×•×¨ ×œ×”×—×œ×™×˜. ×‘×× ×• ×œ×ª×§×Ÿ, ×”×’×™×¢ ×–××Ÿ ×œ×¨×¤×•×¨××” ×‘××¢×¨×›×ª ×”××©×¤×˜.",https://twitter.com/ItshakWaserlauf,×™×¦×—×§ ×•×¡×¨×œ××•×£,https://twitter.com/ItshakWaserlauf/status/1610713015749603329,2023-04-20T13:27:22.170Z,https://twitter.com/search?q=%20%3A%20min_faves%3A100%20%D7%93%D7%9E%D7%95%D7%A7%D7%A8%D7%98%D7%99%D7%94%20until%3A2023-01-10%20since%3A2023-01-01&src=typeahead_click&f=live
Thu Jan 05 06:12:47 +0000 2023,1225005165629050881,amifilber,"××ª×¢×¨×‘ ×¢× ××™ ×©×¨×•×¦×”, ×¢×œ ×›××” ×©×¨×•×¦×”, ×©×›×©×¨×¤×•×¨××ª ×”××©×¤×˜ ×©×œ ×™×¨×™×‘ ×œ×•×™×Ÿ ×ª×•×©×œ× ×¢×“×™×™×Ÿ ×ª×”×™×” ×¤×” ×“××•×§×¨×˜×™×”.",https://twitter.com/amifilber,×¢××™×—×™ ×¤×™×œ×‘×¨,https://twitter.com/amifilber/status/1610881980580724738,2023-04-20T13:27:22.170Z,https://twitter.com/search?q=%20%3A%20min_faves%3A100%20%D7%93%D7%9E%D7%95%D7%A7%D7%A8%D7%98%D7%99%D7%94%20until%3A2023-01-10%20since%3A2023-01-01&src=typeahead_click&f=live
Wed Jan 04 16:32:01 +0000 2023,2657146262,Nadav_Eyal,"×›××©×¨ ××“×‘×¨×™× ×¢×œ ×”×ª×§×™×™××•×ª×” ×©×œ ×“××•×§×¨×˜×™×” ×•×¡×™×›×•×™×™ ×”××™×•××™× ×¢×œ×™×”, ×–×” ×ª××™×“ ××•×§×“× ××™×“×™, ××•×§×“× ××™×“×™,
×•××– ×¤×ª××•×-
×××•×—×¨ ××™×“×™.",https://twitter.com/Nadav_Eyal,× ×“×‘ ××™×œ Nadav Eyal,https://twitter.com/Nadav_Eyal/status/1610675428913733635,2023-04-20T13:27:22.170Z,https://twitter.com/search?q=%20%3A%20min_faves%3A100%20%D7%93%D7%9E%D7%95%D7%A7%D7%A8%D7%98%D7%99%D7%94%20until%3A2023-01-10%20since%3A2023-01-01&src=typeahead_click&f=live
Thu Jan 05 06:25:44 +0000 2023,544311327,KseniaSvetlova,"×‘×¡×¤×˜××‘×¨ ×”×¤×¨×œ×× ×˜ ×”××™×¨×•×¤×™ ×§×‘×¢ ×©×”×•× ×’×¨×™×” ××™× ×” ×“××•×§×¨×˜×™×” ×™×•×ª×¨. ×•×™×§×˜×•×¨ ××•×¨×‘×Ÿ ×©×¨×™×¡×§ ××ª ××¢×¨×›×ª ×”××©×¤×˜ ×•×—× ×§ ××ª ×”×¢×™×ª×•× ×•×ª, ×”×¤×š ××ª ××¨×¦×• ×œ""××•×˜×•×§×¨×˜×™×” × ×‘×—×¨×ª"". ×”×¡××× ×™× ×”×—×™×¦×•× ×™×™× ×©×œ ×”×“××•×§×¨×˜×™×” × ×•×ª×¨×• ×‘××§×•××, ×”×ª×•×›×Ÿ - ×”×•×©×—×ª ×•×”×•×©×œ×š.
××™×š ××•××¨×™× ×¤×¡×§×ª ×”×ª×’×‘×¨×•×ª ×‘×”×•× ×’×¨×™×ª?",https://twitter.com/KseniaSvetlova,Ksenia Svetlova ÙƒØ³Ù†ÙŠØ§ Ø³ÙØ·Ù„ÙˆÙØ§,https://twitter.com/KseniaSvetlova/status/1610885240989581320,2023-04-20T13:27:22.170Z,https://twitter.com/search?q=%20%3A%20min_faves%3A100%20%D7%93%D7%9E%D7%95%D7%A7%D7%A8%D7%98%D7%99%D7%94%20until%3A2023-01-10%20since%3A2023-01-01&src=typeahead_click&f=live
Wed Jan 04 13:47:51 +0000 2023,114894966,amit_segal,"×”××”×¤×›×” ×”××©×¤×˜×™×ª ×©×œ ×œ×•×™×Ÿ: ×”×ª×’×‘×¨×•×ª ×‘-61, ×ª×‘×•×˜×œ ×¢×™×œ×ª ×”×¡×‘×™×¨×•×ª, ×¤×•×œ×™×˜×™×§××™× ×™×—×œ×™×¤×• ××ª ×¢×•×¨×›×™ ×”×“×™×Ÿ ×‘×•×¢×“×” ×œ×‘×—×™×¨×ª ×©×•×¤×˜×™× 

×©×¨ ×”××©×¤×˜×™× ×™×¨×™×‘ ×œ×•×™×Ÿ ×™×•×“×¢ ×”×¢×¨×‘ ×¢×œ ×§×™×“×•× ×‘×”×œ×™×š ×‘×–×§ ×©×œ ×©×•×¨×ª ××”×œ×›×™× ×©×›×œ ××—×“ ××”× ×”×•× ×¨×¢×™×“×ª ××“××” ×‘×¤× ×™ ×¢×¦××•.",https://twitter.com/amit_segal,×¢××™×ª ×¡×’×œ Amit Segal,https://twitter.com/amit_segal/status/1610634113480019968,2023-04-20T13:27:22.170Z,https://twitter.com/search?q=%20%3A%20min_faves%3A100%20%D7%93%D7%9E%D7%95%D7%A7%D7%A8%D7%98%D7%99%D7%94%20until%3A2023-01-10%20since%3A2023-01-01&src=typeahead_click&f=live
Thu Jan 05 05:21:17 +0000 2023,17865618,Tzipi_Livni,"×œ× ×™×•×“×¢×ª ××™ ×××¨×’×Ÿ 
×œ× ×™×•×“×¢×ª ×›××” ×™×‘×•××• 
×›×Ÿ ×™×•×“×¢×ª ×œ××” ×¦×¨×™×š ×œ×”×™×•×ª ×‘××•×¦××™ ×©×‘×ª 7.1 ×‘×©×‘×¢ ×‘×›×™×›×¨ ×”×‘×™××” !!! 
×× ×™ ××”×™×” ×©×. ×‘×•××• !!",https://twitter.com/Tzipi_Livni,×¦×™×¤×™ ×œ×‘× ×™ Tzipi Livni,https://twitter.com/Tzipi_Livni/status/1610869021632520192,2023-04-20T13:27:22.170Z,https://twitter.com/search?q=%20%3A%20min_faves%3A100%20%D7%93%D7%9E%D7%95%D7%A7%D7%A8%D7%98%D7%99%D7%94%20until%3A2023-01-10%20since%3A2023-01-01&src=typeahead_click&f=live
Tue Jan 03 09:22:04 +0000 2023,915228174480547840,GadiTaub1,"1/4. ×¢×“ ××ª×™ × ×¦×˜×¨×š ×œ×¡×‘×•×œ ××ª ×§×©×§×•×©×™ ×”×‘×•×¨×™× ×©××•××¨×™× ×©×‘×“××•×§×¨×˜×™×” ×œ× ×™×›×•×œ ×œ×”×™×•×ª ×©×”×œ×™×š ××™× ×•×™ ×©×•×¤×˜×™× ×™×”×™×” ×¤×•×œ×™×˜×™? ×›××¢×˜ *×‘×›×œ* ×“××•×§×¨×˜×™×” ××ª×•×§× ×ª ×”×”×œ×™×š ×”×•× ×¤×•×œ×™×˜×™, ×›×•×œ×• ××• ×—×œ×§×• ×”×’×“×•×œ. ×”× ×” ×©×¨×©×•×¨ ×ª××•× ×•×ª ××ª×•×š ×”×˜×‘×œ×” ×”××©×•×•×”, ×××¡××š ×©×œ ×§×”×œ×ª. https://t.co/zmkLSobSGx",https://twitter.com/GadiTaub1,Gadi Taub ×©×•××¨ ×¡×£,https://twitter.com/GadiTaub1/status/1610204838272585730,2023-04-20T13:27:22.170Z,https://twitter.com/search?q=%20%3A%20min_faves%3A100%20%D7%93%D7%9E%D7%95%D7%A7%D7%A8%D7%98%D7%99%D7%94%20until%3A2023-01-10%20since%3A2023-01-01&src=typeahead_click&f=live
Wed Jan 04 09:24:27 +0000 2023,2180579797,naamalazimi,"×”×©×—×™×ª×•×ª ×•××¢×¨×›×ª ×”×’'×•×‘×™× ×©×œ ×”×œ×™×›×•×“ × ×›× ×¡×ª ××”×“×œ×ª ×”×¨××©×™×ª, ××—×œ×•×§×ª ×”×’'×•×‘×™× ×‘××©×¨×“×™ ×”×××©×œ×” ×¢×œ ×¤× ×™ ×ª×¢×“×•×£ ××§×¦×•×¢×™, ×•×¢×“ ×œ×¤×’×™×¢×” ×§×©×” ×‘×‘×¡×™×¡ ×”×××œ×›×ª×™×•×ª ×‘×ª×¤×§×™×“×™× ××©××¢×•×ª×™×™× ×›××• ××–×›×™×¨ ×”×›× ×¡×ª. ×”× ××¨×¡×§×™× ×›×œ ×–×›×¨ ×œ× ×•×¨××•×ª ×©×œ ×“××•×§×¨×˜×™×” ×ª×§×™× ×”. ××“×•×‘×¨ ×¤×” ×œ× ×¨×§ ×‘×—×¦×™×™×ª ×’×‘×•×œ×•×ª ××œ× ×‘×¤×’×™×¢×” ×‘×¤×¨× ×¡×” ×©×œ ×× ×©×™×.",https://twitter.com/naamalazimi,Naama Lazimi - × ×¢××” ×œ×–×™××™,https://twitter.com/naamalazimi/status/1610567825588125698,2023-04-20T13:27:22.170Z,https://twitter.com/search?q=%20%3A%20min_faves%3A100%20%D7%93%D7%9E%D7%95%D7%A7%D7%A8%D7%98%D7%99%D7%94%20until%3A2023-01-10%20since%3A2023-01-01&src=typeahead_click&f=live
Sun Jan 01 07:14:40 +0000 2023,434191277,YotYotam,"×™×•××™×™× ×œ×××©×œ×” ×”×—×“×©×” ×•×™×© ×¢×“×™×™×Ÿ ×“××•×§×¨×˜×™×”.
×¢×¦×œ× ×™×!!!",https://twitter.com/YotYotam,Yotam zimri,https://twitter.com/YotYotam/status/1609448000711016450,2023-04-20T13:27:22.170Z,https://twitter.com/search?q=%20%3A%20min_faves%3A100%20%D7%93%D7%9E%D7%95%D7%A7%D7%A8%D7%98%D7%99%D7%94%20until%3A2023-01-10%20since%3A2023-01-01&src=typeahead_click&f=live
Tue Jan 03 12:48:45 +0000 2023,935852355794464769,talia_einhorn,"××™×Ÿ ×“××•×§×¨×˜×™×” ××¢×¨×‘×™×ª ×©×‘×” ×¢××“×ª ×”×¨×©×•×ª ××™× × ×” ××™×•×¦×’×ª ×‘××•×¤×Ÿ ××™×˜×‘×™ ×‘×¤× ×™ ×‘×™×ª ×”××©×¤×˜.
×”×™×•×¢×¥ ×”××©×¤×˜×™ ×œ×¨×©×•×ª, ×©×™×¡×¨×‘ ×œ×”×¦×™×’ ××ª ×¢××“×ª ×”×¨×©×•×ª ×‘××•×¤×Ÿ ××™×˜×‘×™, ×œ× ×™×•×›×œ ×œ×”××©×™×š ×œ×›×”×Ÿ ×‘×ª×¤×§×™×“×•.
×‘×™×©×¨××œ ×œ×××©×œ×” ×•×œ×›× ×¡×ª ×–×›×•×ª ×¢××™×“×”, ×©×§×•×œ×Ÿ ×™×™×©××¢ ×•×™×”×™×” ×œ×”×Ÿ ×™×•××Ÿ ×‘×‘×™×ª ×”××©×¤×˜, ×©×”×™× ×¤×—×•×ª×” ××”×–×›×•×ª ×©×™×© ×œ××—×‘×œ ××• ×œ××¡×ª× ×Ÿ.",https://twitter.com/talia_einhorn,Talia Einhorn,https://twitter.com/talia_einhorn/status/1610256854680047617,2023-04-20T13:27:22.170Z,https://twitter.com/search?q=%20%3A%20min_faves%3A100%20%D7%93%D7%9E%D7%95%D7%A7%D7%A8%D7%98%D7%99%D7%94%20until%3A2023-01-10%20since%3A2023-01-01&src=typeahead_click&f=live